Source,Target,spearman
A*01:01,A*36:01,0.8141556391754248
A*02:01,A*02:02,0.9347911366906798
A*02:01,A*02:03,0.9401297564438519
A*02:01,A*02:05,0.9431177518358944
A*02:01,A*69:01,0.8141103592921441
A*02:02,A*02:03,0.9350607017647595
A*02:02,A*02:05,0.9428367705071125
A*02:02,A*69:01,0.8092920135959686
A*02:03,A*02:05,0.9387209368163373
A*02:03,A*69:01,0.8159830720655541
A*02:05,A*69:01,0.8126177316686338
A*11:01,A*11:02,0.9143222043172178
A*11:01,A*36:01,0.8101618703769602
A*11:02,A*36:01,0.8056884563089847
A*23:01,A*24:02,0.8709312311116618
A*24:02,A*24:03,0.8894027120943193
A*26:01,A*34:02,0.8428753228537209
A*26:01,A*43:01,0.8567771635583625
A*26:01,A*66:01,0.9043623972402763
A*29:01,A*29:02,0.9189222603320287
A*29:01,A*31:01,0.8084200868661933
A*30:01,A*31:01,0.9019421517924379
A*30:01,A*74:01,0.817374029632142
A*31:01,A*33:01,0.8026109033460178
A*31:01,A*33:03,0.83176200838707
A*31:01,A*74:01,0.8543233630467962
A*33:01,A*33:03,0.8962242433852201
A*33:01,A*34:02,0.8471402361814235
A*33:03,A*34:02,0.8828076666066945
A*33:03,A*74:01,0.8102705998540922
A*34:02,A*43:01,0.8017314971275962
A*34:02,A*66:01,0.8512660710802024
A*43:01,A*66:01,0.8187150979319493
A*68:01,A*68:02,0.919794171586558
A*68:01,A*69:01,0.8915333488477127
A*68:02,A*69:01,0.8681880720165094
