Source,Target,spearman
C*01:02,C*03:03,0.8196955616382064
C*01:02,C*03:04,0.818128958192539
C*01:02,C*08:01,0.853331652007928
C*01:02,C*08:02,0.8416364881193177
C*01:02,C*12:02,0.8325238140854279
C*01:02,C*14:02,0.9139470359751523
C*01:02,C*16:01,0.8565191413387019
C*02:02,C*04:01,0.8043175166939656
C*02:02,C*04:03,0.8491624153436675
C*02:02,C*05:01,0.8457149750132703
C*02:02,C*06:02,0.8008761408150039
C*02:02,C*15:02,0.8558038715376356
C*02:02,C*17:01,0.8489625083632755
C*02:02,C*18:01,0.8348974989151218
C*03:03,C*03:04,0.9424670556378089
C*03:03,C*14:02,0.831286927936446
C*03:04,C*14:02,0.8285335832844384
C*04:01,C*04:03,0.8552867701358791
C*04:01,C*05:01,0.8390181704518308
C*04:01,C*06:02,0.8054388340473569
C*04:01,C*15:02,0.8215689986722942
C*04:01,C*18:01,0.8562436886039053
C*04:03,C*05:01,0.8593596866251969
C*04:03,C*06:02,0.8549091884829929
C*04:03,C*15:02,0.8525524507061853
C*04:03,C*17:01,0.8241850925365585
C*04:03,C*18:01,0.9071785572305024
C*05:01,C*06:02,0.8226412264560515
C*05:01,C*15:02,0.8683355081621593
C*05:01,C*17:01,0.8516042832602685
C*05:01,C*18:01,0.868425183108069
C*06:02,C*15:02,0.8503425565518437
C*06:02,C*18:01,0.8717004230596935
C*07:01,C*07:02,0.9292198296019489
C*07:01,C*12:02,0.8075594198110628
C*07:01,C*16:01,0.8381570600586271
C*07:02,C*08:01,0.8083087883397412
C*07:02,C*12:02,0.8220553901945629
C*07:02,C*16:01,0.8458646206153804
C*08:01,C*08:02,0.9039390085989165
C*08:01,C*12:02,0.8616433702468032
C*08:01,C*14:02,0.863405792487518
C*08:01,C*16:01,0.8846993427440046
C*08:02,C*12:02,0.8428045003070752
C*08:02,C*14:02,0.8509333562682341
C*08:02,C*16:01,0.8711358697851186
C*12:02,C*14:02,0.8511227297596511
C*12:02,C*16:01,0.8878282418902033
C*14:02,C*16:01,0.8763333649623768
C*15:02,C*17:01,0.8359806134764902
C*15:02,C*18:01,0.8621218185292762
C*17:01,C*18:01,0.8281567509164434
