Source,Target,Spearman,p-value
DRB1*16:01,DRB1*16:02,0.949714622255734,4R
DRB1*15:02,DRB1*15:01,0.9464159385248401,4R
DRB1*04:04,DRB1*04:01,0.945851462881114,4R
DRB1*15:03,DRB1*15:01,0.9458181000594884,4R
DRB1*01:01,DRB1*01:02,0.943275699559491,4R
DRB1*15:02,DRB1*15:03,0.9386399933518986,4R
DRB1*04:03,DRB1*04:01,0.937050221117221,4R
DRB1*11:04,DRB1*11:01,0.9288343922330813,4R
DRB1*14:54,DRB1*14:01,0.9235512491902766,4R
DRB1*03:02,DRB1*03:01,0.9112706990983329,4R
DRB1*09:02,DRB1*09:01,0.9102879920505884,4Q
DRB1*04:05,DRB1*04:01,0.8983030600597111,4R
DRB1*04:03,DRB1*04:04,0.8806138015814916,4R
DRB1*04:03,DRB1*04:05,0.8770771888535229,4R
DRB1*13:03,DRB1*08:01,0.8679630854336395,4R
DRB1*04:02,DRB1*04:01,0.8654334533018909,4R
DRB1*04:05,DRB1*04:02,0.8649629576985005,4R
DRB1*13:03,DRB1*11:01,0.8617790718077126,4R
DRB1*13:01,DRB1*11:01,0.8513768702480358,4R
DRB1*12:01,DRB1*12:02,0.8470824432961306,4R
DRB1*04:03,DRB1*04:02,0.8454254009155676,4R
DRB1*04:04,DRB1*04:05,0.8426942458145353,4R
DRB1*08:01,DRB1*11:01,0.8405156485217954,4R
DRB1*13:01,DRB1*13:03,0.838101857691527,4R
DRB1*01:03,DRB1*01:01,0.8334238268761284,4R
DRB1*04:04,DRB1*04:02,0.8135806578394598,4R
DRB1*14:01,DRB1*08:01,0.8095319260390487,4R
DRB1*01:02,DRB1*01:03,0.807109346413643,4R
DRB1*11:04,DRB1*13:01,0.8070218303377125,4R
DRB1*16:02,DRB1*15:03,0.8039384889203176,4R
DRB1*11:04,DRB1*08:01,0.8019197203101617,4R

