Source,Target,spearman
DRB1*01:01,DRB1*01:02,0.8892203014168248
DRB1*01:01,DRB1*01:03,0.8225454806033342
DRB1*01:02,DRB1*01:03,0.8013847376615525
DRB1*01:03,DRB5*01:01,0.8009461986648325
DRB1*03:01,DRB1*03:02,0.9166936093231535
DRB1*03:01,DRB1*03:03,0.894672310653937
DRB1*03:01,DRB1*14:03,0.8199584528248558
DRB1*03:01,DRB3*02:02,0.8017179923420888
DRB1*03:02,DRB1*03:03,0.9052825494402306
DRB1*03:02,DRB1*13:05,0.8041152959384316
DRB1*03:02,DRB1*14:03,0.8320993670226913
DRB1*03:02,DRB3*02:02,0.8115249527771254
DRB1*03:03,DRB1*14:03,0.8301934437528627
DRB1*04:01,DRB1*04:02,0.8348708373441674
DRB1*04:01,DRB1*04:03,0.8952063359120696
DRB1*04:01,DRB1*04:04,0.918083060373585
DRB1*04:01,DRB1*04:05,0.8989212711638146
DRB1*04:02,DRB1*04:03,0.8228725275066794
DRB1*04:02,DRB1*04:04,0.8275941430289663
DRB1*04:02,DRB1*04:05,0.8106811172742427
DRB1*04:03,DRB1*04:04,0.8840489527462937
DRB1*04:03,DRB1*04:05,0.858687227990677
DRB1*04:04,DRB1*04:05,0.9192882792983242
DRB1*08:01,DRB1*08:02,0.8951625234878766
DRB1*08:01,DRB1*11:01,0.8031608440412793
DRB1*08:01,DRB1*11:04,0.8072500780168836
DRB1*08:01,DRB1*13:03,0.8173144081646204
DRB1*08:02,DRB1*11:01,0.8268877153020294
DRB1*08:02,DRB1*11:03,0.8118936619462284
DRB1*08:02,DRB1*11:04,0.8189855135169046
DRB1*08:02,DRB1*13:03,0.8376130807451125
DRB1*08:02,DRB1*14:03,0.8064537520704563
DRB1*11:01,DRB1*11:03,0.9221779767013732
DRB1*11:01,DRB1*11:04,0.9369285714309209
DRB1*11:01,DRB1*13:03,0.8560329500077745
DRB1*11:01,DRB1*13:05,0.8115267497077057
DRB1*11:01,DRB1*14:03,0.8019531815330564
DRB1*11:03,DRB1*11:04,0.9266269571908313
DRB1*11:03,DRB1*13:03,0.8566189047393847
DRB1*11:03,DRB1*13:05,0.8006712532086442
DRB1*11:03,DRB1*14:03,0.8034832793078206
DRB1*11:04,DRB1*13:03,0.8511936749851872
DRB1*11:04,DRB1*13:05,0.8110883413993171
DRB1*11:04,DRB1*14:03,0.8096267594127109
DRB1*12:01,DRB1*12:02,0.8959276934765591
DRB1*13:01,DRB1*13:03,0.8345750546788301
DRB1*13:01,DRB1*13:05,0.849910088011524
DRB1*13:01,DRB1*14:03,0.8581093317782285
DRB1*13:03,DRB1*13:05,0.8326664511683112
DRB1*13:03,DRB1*14:03,0.8455806637543285
DRB1*13:05,DRB1*14:03,0.8948712725823965
DRB1*14:01,DRB1*14:04,0.8671149925172349
DRB1*15:01,DRB1*15:02,0.8999198278734426
DRB1*15:01,DRB1*15:03,0.8587555375723812
DRB1*15:01,DRB1*16:01,0.82249280988477
DRB1*15:02,DRB1*15:03,0.858747292990307
DRB1*15:02,DRB1*16:01,0.8219573272860811
DRB1*15:03,DRB1*16:01,0.8117192393739666
DRB1*16:01,DRB1*16:02,0.8455686497865722
DRB5*01:01,DRB5*02:02,0.8645000447187062
