Source,Target,Spearman,p-value
A*29:02,A*29:01,0.9667089819786,
A*02:06,A*02:01,0.9660914024607717,
A*02:01,A*02:03,0.957973593999434,
A*24:03,A*24:02,0.9435800774214965,
A*30:02,A*30:01,0.9399922384939049,17RS
A*02:06,A*02:03,0.9397409841820376,
A*33:03,A*33:01,0.9290745027739307,
A*30:01,A*31:01,0.9223672755509622,17RS
A*69:01,A*68:01,0.9143230013372177,
A*33:03,A*34:02,0.8947522051134624,
A*31:01,A*30:02,0.8910725657412583,
A*26:01,A*66:01,0.8841371148305117,
A*69:01,A*68:02,0.8754483990133628,
A*24:02,A*23:01,0.8722143034461083,
A*33:03,A*74:01,0.8661660501048988,
A*68:02,A*68:01,0.8635880403737902,
A*43:01,A*26:01,0.8615263294231069,
A*34:02,A*33:01,0.8602394887760081,
A*24:03,A*23:01,0.8549628743708143,
A*74:01,A*31:01,0.8546327751795172,
A*74:01,A*30:01,0.8513155139352111,
A*33:01,A*74:01,0.8509975725259561,
A*36:01,A*11:01,0.8500803023104474,
A*36:01,A*01:01,0.8433116717434955,
A*34:02,A*26:01,0.8361754915705779,
A*66:02,A*66:01,0.8358616490970893,
A*11:01,A*74:01,0.832334909399129,
A*74:01,A*29:02,0.8321307110901092,
A*74:01,A*34:02,0.8318397428302645,
A*74:01,A*29:01,0.8309824935745,
A*74:01,A*30:02,0.8296889207524832,
A*74:01,A*03:01,0.8289494380505028,
A*69:01,A*02:06,0.8275310872860708,
A*03:01,A*36:01,0.8238087654487867,
A*31:01,A*33:03,0.8214240885309325,
A*33:03,A*68:01,0.8211814601599181,
A*11:01,A*03:01,0.8207877588471902,
A*34:02,A*11:01,0.8161941999833178,
A*33:01,A*31:01,0.8158516857949751,
A*66:01,A*34:01,0.8155726440267227,
A*68:01,A*34:02,0.8140606007659357,
A*66:01,A*34:02,0.8116942145468594,
A*69:01,A*02:01,0.810765239079433,
A*11:02,A*11:01,0.8059825589478042,
A*66:01,A*43:01,0.8058872702770966,
A*34:02,A*34:01,0.8029703470497228,
