Source,Target,Spearman,p-value
C*03:04,C*03:03,0.9673195601512995,0
C*03:04,C*03:02,0.9556912554711714,0
C*03:03,C*03:02,0.9475049783137515,0
C*06:02,C*18:02,0.9317507285939862,0
C*16:01,C*08:01,0.9111014558183559,0
C*16:01,C*14:02,0.9065652314136514,0
C*14:02,C*08:01,0.9028885663211758,0
C*12:03,C*01:02,0.8822546695816743,0
C*14:02,C*03:04,0.8690860843089793,0
C*01:02,C*14:02,0.8621100881040679,0
C*18:02,C*05:01,0.8608617940558385,0
C*08:01,C*03:04,0.8539324324729706,0
C*14:02,C*03:03,0.8517571497034981,0
C*16:01,C*12:03,0.8497204949257227,0
C*08:01,C*03:02,0.8472886767774475,0
C*07:02,C*14:02,0.8466517824303781,0
C*06:02,C*04:01,0.8438680054910528,0
C*14:02,C*03:02,0.843839843400242,0
C*12:03,C*08:01,0.8416816716802535,0
C*03:02,C*16:01,0.839048230155818,0
C*08:01,C*07:02,0.838425018954752,0
C*18:02,C*04:01,0.8360144829069741,0
C*16:01,C*07:02,0.8350097007864872,0
C*14:02,C*12:03,0.8346310271872587,0
C*16:01,C*03:04,0.8346029290829085,0
C*06:02,C*05:01,0.8343216408237589,0
C*08:01,C*03:03,0.8340536339495135,0
C*04:01,C*14:02,0.830607694220165,0
C*16:01,C*01:02,0.8288556740618385,0
C*02:02,C*04:01,0.8280058600072486,0
C*08:01,C*01:02,0.8248326481918812,0
C*06:02,C*02:02,0.822181518882774,0
C*18:02,C*02:02,0.8155906371690375,0
C*18:02,C*17:01,0.8117367105984789,0
C*16:01,C*03:03,0.80985888742582,0
C*02:02,C*17:01,0.806835939208179,0
C*18:02,C*15:02,0.8049847644458001,0
C*17:01,C*04:01,0.803707979346116,0
C*02:02,C*15:02,0.8033685767094496,0
C*05:01,C*02:02,0.8024004683848834,0
